,cluster_id,0,1,2,3
A,0.0,0.0,0.0,0.4999999999999961,0.4999999999999961
B,0.0,0.0,0.0,1.0,0.0
C,0.0,0.09999999999999998,0.8,0.0,0.0
